S1234567,Alice,Brown,Computer Science,3,78.52999877929688,FT,72
S1345690,David,McMeekin,Software Engineering,4,99.12000274658203,FT,300
S3456789,Keven,Rashleigh,Basket Weaving,1,98.36000061035156,FT,100
12345677,kumi,Shik,IT,3,57.0,PT,300
12345678,David,Fujishima,IT,2,100.0,FT,400
